{
  "Model": "prompthero/openjourney-v4",
  "GPU": "NVIDIA H100 80GB HBM3",
  "Energy/image (J)": 243.28739999998362,
  "Batch latency (s)": 0.855378270149231,
  "Batch size": 1,
  "Denoising steps": 25
}