{
  "Model": "prompthero/openjourney-v4",
  "GPU": "NVIDIA H100 80GB HBM3",
  "Energy/image (J)": 132.28641249999927,
  "Batch latency (s)": 6.297622609138489,
  "Batch size": 32,
  "Denoising steps": 25
}