{
  "Model": "prompthero/openjourney-v4",
  "GPU": "NVIDIA H100 80GB HBM3",
  "Energy/image (J)": 154.80212499999908,
  "Batch latency (s)": 1.0733203649520875,
  "Batch size": 4,
  "Denoising steps": 25
}