{
  "Model": "segmind/SSD-1B",
  "GPU": "NVIDIA H100 80GB HBM3",
  "Energy/image (J)": 666.479899999965,
  "Batch latency (s)": 1.3885040760040284,
  "Batch size": 1,
  "Denoising steps": 25
}