{
  "Model": "segmind/SSD-1B",
  "GPU": "NVIDIA H100 80GB HBM3",
  "Energy/image (J)": 569.9780000000028,
  "Batch latency (s)": 1.8244082450866699,
  "Batch size": 2,
  "Denoising steps": 25
}