{
  "Model": "codellama/CodeLlama-34b-hf",
  "GPU": "NVIDIA A100-SXM4-40GB",
  "TP": 4,
  "PP": 1,
  "Energy/req (J)": 67.77021853412582,
  "Avg TPOT (s)": 0.1572563815172284,
  "Token tput (tok/s)": 982.2942484932332,
  "Avg Output Tokens": 86.80670731707318,
  "Avg BS (reqs)": 190.57560405300077,
  "Max BS (reqs)": 192
}