{
  "Model": "codellama/CodeLlama-34b-hf",
  "GPU": "NVIDIA A100-SXM4-40GB",
  "TP": 4,
  "PP": 1,
  "Energy/req (J)": 63.658951075731224,
  "Avg TPOT (s)": 0.1814397918997796,
  "Token tput (tok/s)": 1071.064773853749,
  "Avg Output Tokens": 86.74176829268292,
  "Avg BS (reqs)": 253.75663026521062,
  "Max BS (reqs)": 256
}