{
  "Model": "google/codegemma-7b",
  "GPU": "NVIDIA H100 80GB HBM3",
  "TP": 1,
  "PP": 1,
  "Energy/req (J)": 14.577686797622817,
  "Avg TPOT (s)": 0.08654040121024263,
  "Token tput (tok/s)": 1735.6491914545438,
  "Avg Output Tokens": 80.04878048780488,
  "Avg BS (reqs)": 252.59634317862165,
  "Max BS (reqs)": 256
}