{
  "Model": "codellama/CodeLlama-70b-hf",
  "GPU": "NVIDIA H100 80GB HBM3",
  "TP": 4,
  "PP": 1,
  "Energy/req (J)": 119.03972529408752,
  "Avg TPOT (s)": 0.15705237157253454,
  "Token tput (tok/s)": 842.9016760784681,
  "Avg Output Tokens": 82.80182926829268,
  "Avg BS (reqs)": 190.0863309352518,
  "Max BS (reqs)": 192
}