{
  "Model": "codellama/CodeLlama-34b-hf",
  "GPU": "NVIDIA H100 80GB HBM3",
  "TP": 2,
  "PP": 1,
  "Energy/req (J)": 54.93893672814403,
  "Avg TPOT (s)": 0.08446100747910155,
  "Token tput (tok/s)": 1192.5774279324896,
  "Avg Output Tokens": 87.55,
  "Avg BS (reqs)": 127.00692840646651,
  "Max BS (reqs)": 128
}