{
  "Model": "codellama/CodeLlama-34b-hf",
  "GPU": "NVIDIA H100 80GB HBM3",
  "TP": 2,
  "PP": 1,
  "Energy/req (J)": 48.06960638191107,
  "Avg TPOT (s)": 0.1203600253027276,
  "Token tput (tok/s)": 1418.1483287016792,
  "Avg Output Tokens": 86.0670731707317,
  "Avg BS (reqs)": 314.8322033898305,
  "Max BS (reqs)": 320
}