{
  "Model": "codellama/CodeLlama-34b-hf",
  "GPU": "NVIDIA H100 80GB HBM3",
  "TP": 2,
  "PP": 1,
  "Energy/req (J)": 48.36486328913015,
  "Avg TPOT (s)": 0.13040461300964126,
  "Token tput (tok/s)": 1443.9204536750644,
  "Avg Output Tokens": 86.45548780487805,
  "Avg BS (reqs)": 492.4670846394984,
  "Max BS (reqs)": 512
}