{
  "Model": "codellama/CodeLlama-7b-hf",
  "GPU": "NVIDIA A100-SXM4-40GB",
  "TP": 2,
  "PP": 1,
  "Energy/req (J)": 35.85990033852397,
  "Avg TPOT (s)": 0.04219988729451127,
  "Token tput (tok/s)": 742.8432111549843,
  "Avg Output Tokens": 97.27957317073171,
  "Avg BS (reqs)": 31.740658114891243,
  "Max BS (reqs)": 32
}