{
  "Model": "codellama/CodeLlama-70b-hf",
  "GPU": "NVIDIA A100-SXM4-40GB",
  "TP": 8,
  "PP": 1,
  "Energy/req (J)": 130.30707405887054,
  "Avg TPOT (s)": 0.29481575905999563,
  "Token tput (tok/s)": 973.2357625767523,
  "Avg Output Tokens": 80.32103658536586,
  "Avg BS (reqs)": 502.4981412639405,
  "Max BS (reqs)": 512
}