{
  "Model": "prompthero/openjourney-v4",
  "GPU": "NVIDIA A100-SXM4-40GB",
  "Energy/image (J)": 188.78500000000932,
  "Batch latency (s)": 1.1187455892562865,
  "Batch size": 2,
  "Denoising steps": 25
}