{
  "Model": "stabilityai/sdxl-turbo",
  "GPU": "NVIDIA H100 80GB HBM3",
  "Energy/image (J)": 432.39010000000707,
  "Batch latency (s)": 2.015624976158142,
  "Batch size": 1,
  "Denoising steps": 25
}