{
  "Model": "stabilityai/sdxl-turbo",
  "GPU": "NVIDIA H100 80GB HBM3",
  "Energy/image (J)": 231.15972499999916,
  "Batch latency (s)": 2.187738275527954,
  "Batch size": 4,
  "Denoising steps": 25
}