{
  "Model": "stabilityai/sdxl-turbo",
  "GPU": "NVIDIA H100 80GB HBM3",
  "Energy/image (J)": 166.73651874999922,
  "Batch latency (s)": 15.59785532951355,
  "Batch size": 64,
  "Denoising steps": 25
}