{
  "Model": "stabilityai/sdxl-turbo",
  "GPU": "NVIDIA H100 80GB HBM3",
  "Energy/image (J)": 201.1591625000001,
  "Batch latency (s)": 2.4453672647476195,
  "Batch size": 8,
  "Denoising steps": 25
}