{
  "Model": "stabilityai/stable-diffusion-2-1",
  "GPU": "NVIDIA H100 80GB HBM3",
  "Energy/image (J)": 279.46398281250003,
  "Batch latency (s)": 26.251275372505187,
  "Batch size": 64,
  "Denoising steps": 25
}