{
  "Model": "bigcode/starcoder2-15b",
  "GPU": "NVIDIA A100-SXM4-40GB",
  "TP": 1,
  "PP": 1,
  "Energy/req (J)": 18.518055251239755,
  "Avg TPOT (s)": 0.16953091089560338,
  "Token tput (tok/s)": 1017.5807410152871,
  "Avg Output Tokens": 64.96036585365853,
  "Avg BS (reqs)": 253.18495514147688,
  "Max BS (reqs)": 256
}