{
  "Model": "codellama/CodeLlama-13b-hf",
  "GPU": "NVIDIA H100 80GB HBM3",
  "TP": 1,
  "PP": 1,
  "Energy/req (J)": 28.676074185453196,
  "Avg TPOT (s)": 0.080041974036284,
  "Token tput (tok/s)": 1284.7868482198994,
  "Avg Output Tokens": 96.80975609756098,
  "Avg BS (reqs)": 127.03924646781789,
  "Max BS (reqs)": 128
}