{
  "Model": "codellama/CodeLlama-13b-hf",
  "GPU": "NVIDIA H100 80GB HBM3",
  "TP": 1,
  "PP": 1,
  "Energy/req (J)": 32.97131648346299,
  "Avg TPOT (s)": 0.05150162486273936,
  "Token tput (tok/s)": 1124.3744329911567,
  "Avg Output Tokens": 97.84634146341463,
  "Avg BS (reqs)": 63.53487698986975,
  "Max BS (reqs)": 64
}