{
  "Model": "segmind/SSD-1B",
  "GPU": "NVIDIA A100-SXM4-40GB",
  "Energy/image (J)": 717.2012000000104,
  "Batch latency (s)": 1.9508831262588502,
  "Batch size": 1,
  "Denoising steps": 25
}