{
  "Model": "segmind/SSD-1B",
  "GPU": "NVIDIA A100-SXM4-40GB",
  "Energy/image (J)": 700.4580500000156,
  "Batch latency (s)": 3.6897377252578734,
  "Batch size": 2,
  "Denoising steps": 25
}