{
  "Model": "stabilityai/sdxl-turbo",
  "GPU": "NVIDIA A100-SXM4-40GB",
  "Energy/image (J)": 289.37170000000623,
  "Batch latency (s)": 2.0955519914627074,
  "Batch size": 2,
  "Denoising steps": 25
}