{
  "Model": "bigcode/starcoder2-7b",
  "GPU": "NVIDIA H100 80GB HBM3",
  "TP": 1,
  "PP": 1,
  "Energy/req (J)": 16.180227354741014,
  "Avg TPOT (s)": 0.07054973759546414,
  "Token tput (tok/s)": 1374.1345448298866,
  "Avg Output Tokens": 90.10365853658537,
  "Avg BS (reqs)": 126.96078431372548,
  "Max BS (reqs)": 128
}