{
  "Model": "bigcode/starcoder2-7b",
  "GPU": "NVIDIA H100 80GB HBM3",
  "TP": 1,
  "PP": 1,
  "Energy/req (J)": 13.924954065714108,
  "Avg TPOT (s)": 0.07391811680568725,
  "Token tput (tok/s)": 1776.9705443592977,
  "Avg Output Tokens": 90.10365853658537,
  "Avg BS (reqs)": 190.3279109589041,
  "Max BS (reqs)": 192
}