{
  "Model": "bigcode/starcoder2-7b",
  "GPU": "NVIDIA H100 80GB HBM3",
  "TP": 1,
  "PP": 1,
  "Energy/req (J)": 19.241468398686724,
  "Avg TPOT (s)": 0.04817237864419009,
  "Token tput (tok/s)": 1187.193823487281,
  "Avg Output Tokens": 90.10365853658537,
  "Avg BS (reqs)": 63.50843817121817,
  "Max BS (reqs)": 64
}