{
  "Model": "bigcode/starcoder2-7b",
  "GPU": "NVIDIA A100-SXM4-40GB",
  "TP": 1,
  "PP": 1,
  "Energy/req (J)": 12.419382176226271,
  "Avg TPOT (s)": 0.1290633078640341,
  "Token tput (tok/s)": 1496.6183232713872,
  "Avg Output Tokens": 89.05335365853658,
  "Avg BS (reqs)": 253.93782654127483,
  "Max BS (reqs)": 256
}