{
  "Model": "bigcode/starcoder2-7b",
  "GPU": "NVIDIA A100-SXM4-40GB",
  "TP": 1,
  "PP": 1,
  "Energy/req (J)": 12.2972900305523,
  "Avg TPOT (s)": 0.14860052353007694,
  "Token tput (tok/s)": 1516.906435676258,
  "Avg Output Tokens": 89.88871951219512,
  "Avg BS (reqs)": 317.0337972166998,
  "Max BS (reqs)": 320
}