{
  "Model": "bigcode/starcoder2-7b",
  "GPU": "NVIDIA A100-SXM4-40GB",
  "TP": 1,
  "PP": 1,
  "Energy/req (J)": 12.150042233547047,
  "Avg TPOT (s)": 0.20181378839714387,
  "Token tput (tok/s)": 1564.0646797520346,
  "Avg Output Tokens": 90.24359756097562,
  "Avg BS (reqs)": 502.96555965559656,
  "Max BS (reqs)": 512
}