{
  "Model": "ali-vilab/i2vgen-xl",
  "GPU": "NVIDIA A100-SXM4-40GB",
  "Energy/video (J)": 16348.217100000009,
  "Batch latency (s)": 44.41898396015167,
  "Batch size": 1,
  "Denoising steps": 25,
  "Frames": 16
}