{
  "Model": "ali-vilab/i2vgen-xl",
  "GPU": "NVIDIA H100 80GB HBM3",
  "Energy/video (J)": 14222.658400000026,
  "Batch latency (s)": 22.950254821777342,
  "Batch size": 1,
  "Denoising steps": 25,
  "Frames": 16
}