{
  "Model": "ali-vilab/i2vgen-xl",
  "GPU": "NVIDIA H100 80GB HBM3",
  "Energy/video (J)": 14348.508499999996,
  "Batch latency (s)": 44.71498331427574,
  "Batch size": 2,
  "Denoising steps": 25,
  "Frames": 16
}